timestamp,transaction_id,status,response_code,endpoint,latency_ms,amount,currency
2026-09-26T09:00:01Z,txn_1001,success,00,/v2/payments,185,450.00,EGP
2026-09-26T09:00:04Z,txn_1002,failed,51,/v2/payments,310,1200.00,EGP
2026-09-26T09:00:07Z,txn_1003,pending,PENDING,/v2/transfers/tx_1003,2450,800.00,EGP
2026-09-26T09:00:10Z,txn_1004,failed,96,/v2/payments,5210,199.00,EGP
2026-09-26T09:00:15Z,txn_1005,success,00,/v2/payments,220,325.00,EGP
2026-09-26T09:00:18Z,txn_1006,failed,DO_NOT_HONOR,/v2/payments,410,700.00,EGP
2026-09-26T09:00:22Z,txn_1003,failed,96,/v2/transfers/tx_1003,2900,800.00,EGP
2026-09-26T09:00:28Z,txn_1007,success,00,/v2/payments,170,65.00,EGP
2026-09-26T09:00:31Z,txn_1008,success,00,/v2/refunds,880,150.00,EGP
2026-09-26T09:00:38Z,txn_1004,success,00,/v2/payments,4900,199.00,EGP
